<?xml version="1.0" encoding="UTF-8"?>
<project-private xmlns="http://www.netbeans.org/ns/project-private/1">
    <editor-bookmarks xmlns="http://www.netbeans.org/ns/editor-bookmarks/2" lastBookmarkId="1">
        <file>
            <url>src/inventorymanagementsystem/StaffMain.java</url>
            <bookmark id="1">
                <name/>
                <line>0</line>
                <key/>
            </bookmark>
        </file>
    </editor-bookmarks>
    <open-files xmlns="http://www.netbeans.org/ns/projectui-open-files/2">
        <group>
            <file>file:/C:/java%20project%20try/inventorymanagementsystem2/src/inventorymanagementsystem/StaffMain.java</file>
            <file>file:/C:/java%20project%20try/inventorymanagementsystem2/src/inventorymanagementsystem/updatename_enter.java</file>
            <file>file:/C:/java%20project%20try/inventorymanagementsystem2/src/inventorymanagementsystem/UpdateAll.java</file>
            <file>file:/C:/java%20project%20try/inventorymanagementsystem2/src/inventorymanagementsystem/Choose_1.java</file>
            <file>file:/C:/java%20project%20try/inventorymanagementsystem2/src/inventorymanagementsystem/time.java</file>
            <file>file:/C:/java%20project%20try/inventorymanagementsystem2/src/inventorymanagementsystem/DatabaseConnection.java</file>
            <file>file:/C:/java%20project%20try/inventorymanagementsystem2/src/inventorymanagementsystem/login.java</file>
            <file>file:/C:/java%20project%20try/inventorymanagementsystem2/src/inventorymanagementsystem/ViewPayment1.java</file>
            <file>file:/C:/java%20project%20try/inventorymanagementsystem2/src/inventorymanagementsystem/Signup.java</file>
            <file>file:/C:/java%20project%20try/inventorymanagementsystem2/src/Logoo.png</file>
            <file>file:/C:/java%20project%20try/inventorymanagementsystem2/src/inventorymanagementsystem/ViewPayment.java</file>
            <file>file:/C:/java%20project%20try/inventorymanagementsystem2/src/inventorymanagementsystem/Admin_Login.java</file>
            <file>file:/C:/java%20project%20try/inventorymanagementsystem2/src/inventorymanagementsystem/DeleteFile1.java</file>
        </group>
    </open-files>
</project-private>
